<?xml version="1.0" encoding="UTF-8" standalone="yes"?>
<factura id="comprobante" version="1.1.0" xmlns:ns2="http://www.w3.org/2000/09/xmldsig#">
    <infoTributaria>
        <ambiente>1</ambiente>
        <tipoEmision>1</tipoEmision>
        <razonSocial>GOLDCOCOA EXPORT SA</razonSocial>
        <nombreComercial>GOLDCOCOA EXPORT SA</nombreComercial>
        <ruc>0992715987001</ruc>
        <claveAcceso>1601201501099271598700110010020000000050000000019</claveAcceso>
        <codDoc>01</codDoc>
        <estab>001</estab>
        <ptoEmi>002</ptoEmi>
        <secuencial>000000005</secuencial>
        <dirMatriz>CARRETERO VIA PUEBLOVIEJO KM 1</dirMatriz>
    </infoTributaria>
    <infoFactura>
        <fechaEmision>16/01/2015</fechaEmision>
        <dirEstablecimiento>Km.1 Via Pueblo Viejo</dirEstablecimiento>
        <contribuyenteEspecial>182</contribuyenteEspecial>
        <obligadoContabilidad>SI</obligadoContabilidad>
        <comercioExterior>EXPORTADOR</comercioExterior>
        <incoTermFactura>FOB</incoTermFactura>
        <lugarIncoTerm>GUAYAQUIL</lugarIncoTerm>
        <paisOrigen>593</paisOrigen>
        <puertoEmbarque>BANANA PUERTO - ECUADOR</puertoEmbarque>
        <puertoDestino>PHILADELPHIA - ESTADOS UNIDOS DE AMERICA</puertoDestino>
        <paisDestino>110</paisDestino>
        <paisAdquisicion>593</paisAdquisicion>
        <tipoIdentificacionComprador>04</tipoIdentificacionComprador>
        <razonSocialComprador>MARIO ROBAYO</razonSocialComprador>
        <identificacionComprador>0916656556001</identificacionComprador>
        <direccionComprador>GUAYAQUIL</direccionComprador>
        <totalSinImpuestos>1000.00</totalSinImpuestos>
        <totalDescuento>0.00</totalDescuento>
        <totalConImpuestos>
            <totalImpuesto>
                <codigo>2</codigo>
                <codigoPorcentaje>0</codigoPorcentaje>
                <baseImponible>1000.00</baseImponible>
                <tarifa>0.0000</tarifa>
                <valor>0.00</valor>
            </totalImpuesto>
        </totalConImpuestos>
        <propina>0.00</propina>
        <importeTotal>1000.00</importeTotal>
        <pagos>
            <pago>
                <formaPago>04</formaPago>
                <total>1000.00</total>
                <plazo>20.00</plazo>
                <unidadTiempo>dias</unidadTiempo>
            </pago>
        </pagos>
    </infoFactura>
    <detalles>
        <detalle>
            <codigoPrincipal>ASS</codigoPrincipal>
            <descripcion>SACOS 100 KG</descripcion>
            <unidadMedida>KG</unidadMedida>
            <cantidad>100.000000</cantidad>
            <precioUnitario>10.000000</precioUnitario>
            <descuento>0.00</descuento>
            <precioTotalSinImpuesto>1000.00</precioTotalSinImpuesto>
            <impuestos>
                <impuesto>
                    <codigo>2</codigo>
                    <codigoPorcentaje>0</codigoPorcentaje>
                    <tarifa>0.0000</tarifa>
                    <baseImponible>1000.00</baseImponible>
                    <valor>0.00</valor>
                </impuesto>
            </impuestos>
        </detalle>
    </detalles>
    <infoAdicional>
        <campoAdicional nombre="TELEFONO COMPRADOR">042804833</campoAdicional>
        <campoAdicional nombre="NUMERO LOTE">119</campoAdicional>
        <campoAdicional nombre="VAPOR">NAVE</campoAdicional>
        <campoAdicional nombre="NAVIERA">MSC</campoAdicional>
        <campoAdicional nombre="NUMERO FLETE">109</campoAdicional>
        <campoAdicional nombre="MARCAS">MARCAS</campoAdicional>
        <campoAdicional nombre="N.ANDINA">19.390.33.30</campoAdicional>
        <campoAdicional nombre="CREDENCIAL AGENTE ADUANA">920</campoAdicional>
        <campoAdicional nombre="PESO BRUTO">289.00</campoAdicional>
        <campoAdicional nombre="PESO NETO">189.00</campoAdicional>
        <campoAdicional nombre="INFORMACION ADICIONAL">SI LA EXPORTACION EXCEDE DE LOS VALORES DECLARADOS AUTORIZO AL BANCO CENTRAL DEL ECUADOR PARA QUE LOS VALORES EXCEDENTES SEAN APLICADAS SEGUN LA LEY DISPONGA</campoAdicional>
        <campoAdicional nombre="TOTAL EN LETRAS">MIL DOLARES</campoAdicional>
    </infoAdicional>
</factura>
