<?xml version="1.0" encoding="UTF-8"?>
<project-shared-configuration>
    <!--
This file contains additional configuration written by modules in the NetBeans IDE.
The configuration is intended to be shared among all the users of project and
therefore it is assumed to be part of version control checkout.
Without this configuration present, some functionality in the IDE may be limited or fail altogether.
-->
    <properties xmlns="http://www.netbeans.org/ns/maven-properties-data/1">
        <!--
Properties that influence various parts of the IDE, especially code formatting and the like. 
You can copy and paste the single properties, into the pom.xml file and the IDE will pick them up.
That way multiple projects can share the same settings (useful for formatting rules for example).
Any value defined here will override the pom.xml file value but is only applicable to the current project.
-->
        <org-netbeans-modules-maven-j2ee.netbeans_2e_hint_2e_j2eeVersion>1.7-web</org-netbeans-modules-maven-j2ee.netbeans_2e_hint_2e_j2eeVersion>
        <org-netbeans-modules-maven-j2ee.netbeans_2e_hint_2e_deploy_2e_server>gfv3ee6</org-netbeans-modules-maven-j2ee.netbeans_2e_hint_2e_deploy_2e_server>
        <org-netbeans-modules-maven-jaxws._5f_S_5f_BSGSW08_5f_Acceder_5f_BSG>file:/C:/Users/janito/Documents/NetBeansProjects/taller_bsg/bsg/BSGSW08_Acceder_BSG.wsdl</org-netbeans-modules-maven-jaxws._5f_S_5f_BSGSW08_5f_Acceder_5f_BSG>
        <org-netbeans-modules-maven-jaxws._5f_S_5f_BSGSW01_5f_Consultar_5f_Cedula>file:/C:/Users/janito/Documents/NetBeansProjects/taller_bsg/bsg/BSGSW01_Consultar_Cedula.wsdl</org-netbeans-modules-maven-jaxws._5f_S_5f_BSGSW01_5f_Consultar_5f_Cedula>
    </properties>
</project-shared-configuration>
