<?xml version="1.0" encoding="UTF-8" standalone="yes"?>
<factura xmlns:ns2="http://www.w3.org/2000/09/xmldsig#" id="comprobante" version="1.1.0">
    <infoTributaria>
        <ambiente>1</ambiente>
        <tipoEmision>1</tipoEmision>
        <razonSocial>RAZON SOCIAL</razonSocial>
        <nombreComercial>NOMBRE COMERCIAL</nombreComercial>
        <ruc>0916656550001</ruc>
        <claveAcceso>12092016010916656550001100100100000010000000016</claveAcceso>
        <codDoc>01</codDoc>
        <estab>001</estab>
        <ptoEmi>001</ptoEmi>
        <secuencial>0000001</secuencial>
        <dirMatriz>MATRIZ</dirMatriz>
    </infoTributaria>
    <infoFactura>
        <fechaEmision>31/08/2016</fechaEmision>
        <dirEstablecimiento>DIRECCION ESTABLECIMIENTO</dirEstablecimiento>
        <obligadoContabilidad>SI</obligadoContabilidad>
        <tipoIdentificacionComprador>04</tipoIdentificacionComprador>
        <razonSocialComprador>CONSUMIDOR FINAL</razonSocialComprador>
        <identificacionComprador>9999999999999</identificacionComprador>
        <totalSinImpuestos>0</totalSinImpuestos>
        <totalDescuento>0</totalDescuento>
        <totalConImpuestos>
            <totalImpuesto>
                <codigo>2</codigo>
                <codigoPorcentaje>0</codigoPorcentaje>
                <baseImponible>1</baseImponible>
                <tarifa>0</tarifa>
                <valor>0</valor>
            </totalImpuesto>
        </totalConImpuestos>
        <propina>0</propina>
        <importeTotal>0</importeTotal>
        <moneda>DOLAR</moneda>
    </infoFactura>
    <detalles>
        <detalle>
            <codigoPrincipal>1</codigoPrincipal>
            <descripcion>LINEA 1</descripcion>
            <cantidad>1</cantidad>
            <precioUnitario>1</precioUnitario>
            <descuento>0</descuento>
            <precioTotalSinImpuesto>1</precioTotalSinImpuesto>
            <impuestos>
                <impuesto>
                    <codigo>0</codigo>
                    <codigoPorcentaje>0</codigoPorcentaje>
                    <tarifa>0</tarifa>
                    <baseImponible>1</baseImponible>
                    <valor>0</valor>
                </impuesto>
            </impuestos>
        </detalle>
    </detalles>
    <infoAdicional/>
</factura>
